-- phpMyAdmin SQL Dump
-- version 4.5.4.1
-- http://www.phpmyadmin.net
--
-- Client :  localhost
-- Généré le :  Lun 04 Juin 2018 à 12:43
-- Version du serveur :  5.7.11
-- Version de PHP :  5.6.18

SET SQL_MODE = "NO_AUTO_VALUE_ON_ZERO";
SET time_zone = "+00:00";


/*!40101 SET @OLD_CHARACTER_SET_CLIENT=@@CHARACTER_SET_CLIENT */;
/*!40101 SET @OLD_CHARACTER_SET_RESULTS=@@CHARACTER_SET_RESULTS */;
/*!40101 SET @OLD_COLLATION_CONNECTION=@@COLLATION_CONNECTION */;
/*!40101 SET NAMES utf8mb4 */;

--
-- Base de données :  `lorann`
--

DELIMITER $$
--
-- Procédures
--
CREATE DEFINER=`root`@`localhost` PROCEDURE `getAllLevel` ()  NO SQL
BEGIN
SELECT name,height,width 
FROM level;
END$$

CREATE DEFINER=`root`@`localhost` PROCEDURE `getElement` (IN `map_level` INT)  NO SQL
BEGIN
SELECT identifier, positionX, positionY
FROM contenir
WHERE levelnumber = map_level;
END$$

CREATE DEFINER=`root`@`localhost` PROCEDURE `getLevel` (IN `desired_map` INT)  NO SQL
BEGIN
SELECT name,height,width 
FROM level
WHERE number = desired_map;
END$$

DELIMITER ;

-- --------------------------------------------------------

--
-- Structure de la table `contenir`
--

CREATE TABLE `contenir` (
  `id` int(11) NOT NULL,
  `levelnumber` int(11) NOT NULL,
  `identifier` char(5) NOT NULL,
  `positionX` int(11) DEFAULT NULL,
  `positionY` int(11) DEFAULT NULL
) ENGINE=InnoDB DEFAULT CHARSET=latin1;

--
-- Contenu de la table `contenir`
--

INSERT INTO `contenir` (`id`, `levelnumber`, `identifier`, `positionX`, `positionY`) VALUES
(1, 1, 'L', 5, 6),
(2, 1, '/', 5, 10),
(3, 1, '|', 6, 1),
(4, 2, '/', 0, 0),
(5, 2, '-', 1, 0),
(6, 2, '-', 2, 0),
(7, 2, '-', 3, 0),
(8, 2, '-', 4, 0),
(9, 2, '-', 5, 0),
(10, 2, '-', 6, 0),
(11, 2, '-', 7, 0),
(12, 2, '-', 8, 0),
(13, 2, '-', 9, 0),
(14, 2, '-', 10, 0),
(15, 2, '-', 11, 0),
(16, 2, '-', 12, 0),
(17, 2, '-', 13, 0),
(18, 2, '-', 14, 0),
(19, 2, '-', 15, 0),
(20, 2, '-', 16, 0),
(21, 2, '-', 17, 0),
(22, 2, '-', 18, 0),
(23, 2, '/', 19, 0),
(24, 2, '|', 0, 1),
(25, 2, '3', 4, 1),
(26, 2, '|', 19, 1),
(27, 2, 'C', 0, 2),
(28, 2, 'P', 15, 2),
(29, 2, '|', 19, 2),
(30, 2, '|', 0, 3),
(31, 2, '|', 19, 3),
(32, 2, '|', 0, 4),
(33, 2, '|', 19, 4),
(34, 2, '|', 0, 5),
(35, 2, 'B', 3, 5),
(36, 2, '|', 19, 5),
(37, 2, '|', 0, 6),
(38, 2, '|', 19, 6),
(39, 2, '|', 0, 7),
(40, 2, 'B', 12, 7),
(41, 2, '|', 19, 7),
(42, 2, '|', 0, 8),
(43, 2, '|', 19, 8),
(44, 2, '|', 0, 9),
(45, 2, 'P', 4, 9),
(46, 2, '|', 19, 9),
(47, 2, '|', 0, 10),
(48, 2, 'L', 18, 10),
(49, 2, '|', 19, 10),
(50, 2, '/', 0, 11),
(51, 2, '-', 1, 11),
(52, 2, '-', 2, 11),
(53, 2, '-', 3, 11),
(54, 2, '-', 4, 11),
(55, 2, '-', 5, 11),
(56, 2, '-', 6, 11),
(57, 2, '-', 7, 11),
(58, 2, '-', 8, 11),
(59, 2, '-', 9, 11),
(60, 2, '-', 10, 11),
(61, 2, '-', 11, 11),
(62, 2, '-', 12, 11),
(63, 2, '-', 13, 11),
(64, 2, '-', 14, 11),
(65, 2, '-', 15, 11),
(66, 2, '-', 16, 11),
(67, 2, '-', 17, 11),
(68, 2, 'O', 18, 11),
(69, 2, '/', 19, 11),
(70, 3, '/', 0, 0),
(71, 3, '-', 1, 0),
(72, 3, '-', 2, 0),
(73, 3, '-', 3, 0),
(74, 3, '-', 4, 0),
(75, 3, '-', 5, 0),
(76, 3, '-', 6, 0),
(77, 3, '-', 7, 0),
(78, 3, '-', 8, 0),
(79, 3, '-', 9, 0),
(80, 3, '-', 10, 0),
(81, 3, '-', 11, 0),
(82, 3, '-', 12, 0),
(83, 3, '-', 13, 0),
(84, 3, '-', 14, 0),
(85, 3, '-', 15, 0),
(86, 3, '-', 16, 0),
(87, 3, '-', 17, 0),
(88, 3, '-', 18, 0),
(89, 3, '/', 19, 0),
(90, 3, '|', 0, 1),
(91, 3, '2', 9, 1),
(92, 3, '|', 19, 1),
(93, 3, 'C', 0, 2),
(94, 3, 'P', 4, 2),
(95, 3, 'B', 15, 2),
(96, 3, '|', 19, 2),
(97, 3, '|', 0, 3),
(98, 3, '|', 19, 3),
(99, 3, '|', 0, 4),
(100, 3, '|', 19, 4),
(101, 3, '|', 0, 5),
(102, 3, '1', 1, 5),
(103, 3, '/', 9, 5),
(104, 3, '/', 10, 5),
(105, 3, '|', 19, 5),
(106, 3, '|', 0, 6),
(107, 3, '/', 9, 6),
(108, 3, '/', 10, 6),
(109, 3, '1', 11, 6),
(110, 3, '|', 19, 6),
(111, 3, '|', 0, 7),
(112, 3, '2', 10, 7),
(113, 3, '|', 19, 7),
(114, 3, '|', 0, 8),
(115, 3, '|', 19, 8),
(116, 3, '|', 0, 9),
(117, 3, 'B', 3, 9),
(118, 3, 'P', 15, 9),
(119, 3, 'L', 18, 9),
(120, 3, 'O', 19, 9),
(121, 3, '|', 0, 10),
(122, 3, '|', 19, 10),
(123, 3, '/', 0, 11),
(124, 3, '-', 1, 11),
(125, 3, '-', 2, 11),
(126, 3, '-', 3, 11),
(127, 3, '-', 4, 11),
(128, 3, '-', 5, 11),
(129, 3, '-', 6, 11),
(130, 3, '-', 7, 11),
(131, 3, '-', 8, 11),
(132, 3, '-', 9, 11),
(133, 3, '-', 10, 11),
(134, 3, '-', 11, 11),
(135, 3, '-', 12, 11),
(136, 3, '-', 13, 11),
(137, 3, '-', 14, 11),
(138, 3, '-', 15, 11),
(139, 3, '-', 16, 11),
(140, 3, '-', 17, 11),
(141, 3, '-', 18, 11),
(142, 3, '/', 19, 11),
(143, 4, '/', 0, 0),
(144, 4, '-', 1, 0),
(145, 4, '-', 2, 0),
(146, 4, '-', 3, 0),
(147, 4, '-', 4, 0),
(148, 4, '-', 5, 0),
(149, 4, '-', 6, 0),
(150, 4, '-', 7, 0),
(151, 4, '-', 8, 0),
(152, 4, '-', 9, 0),
(153, 4, '-', 10, 0),
(154, 4, '-', 11, 0),
(155, 4, '-', 12, 0),
(156, 4, '-', 13, 0),
(157, 4, '-', 14, 0),
(158, 4, '-', 15, 0),
(159, 4, '-', 16, 0),
(160, 4, '-', 17, 0),
(161, 4, '-', 18, 0),
(162, 4, '/', 19, 0),
(163, 4, '|', 0, 1),
(164, 4, '|', 19, 1),
(165, 4, '|', 0, 2),
(166, 4, '/', 3, 2),
(167, 4, '-', 4, 2),
(168, 4, '/', 5, 2),
(169, 4, '-', 6, 2),
(170, 4, '/', 7, 2),
(171, 4, '-', 8, 2),
(172, 4, '-', 9, 2),
(173, 4, '/', 10, 2),
(174, 4, '-', 11, 2),
(175, 4, '/', 12, 2),
(176, 4, '-', 13, 2),
(177, 4, '-', 14, 2),
(178, 4, '-', 15, 2),
(179, 4, '-', 16, 2),
(180, 4, '/', 17, 2),
(181, 4, '|', 19, 2),
(182, 4, '|', 0, 3),
(183, 4, '1', 2, 3),
(184, 4, '|', 3, 3),
(185, 4, 'B', 4, 3),
(186, 4, '|', 5, 3),
(187, 4, '2', 6, 3),
(188, 4, '|', 7, 3),
(189, 4, '|', 10, 3),
(190, 4, '2', 11, 3),
(191, 4, '|', 12, 3),
(192, 4, 'C', 16, 3),
(193, 4, '|', 17, 3),
(194, 4, '|', 19, 3),
(195, 4, '|', 0, 4),
(196, 4, '|', 2, 4),
(197, 4, '|', 17, 4),
(198, 4, '|', 19, 4),
(199, 4, '|', 0, 5),
(200, 4, '|', 2, 5),
(201, 4, '/', 4, 5),
(202, 4, '-', 5, 5),
(203, 4, '-', 6, 5),
(204, 4, '-', 7, 5),
(205, 4, '-', 8, 5),
(206, 4, '-', 9, 5),
(207, 4, '-', 10, 5),
(208, 4, '-', 11, 5),
(209, 4, '-', 12, 5),
(210, 4, '-', 13, 5),
(211, 4, '-', 14, 5),
(212, 4, '-', 15, 5),
(213, 4, '-', 16, 5),
(214, 4, '|', 17, 5),
(215, 4, '|', 19, 5),
(216, 4, '|', 0, 6),
(217, 4, '|', 2, 6),
(218, 4, 'P', 10, 6),
(219, 4, '|', 17, 6),
(220, 4, '|', 19, 6),
(221, 4, '|', 0, 7),
(222, 4, '/', 2, 7),
(223, 4, '-', 3, 7),
(224, 4, '-', 4, 7),
(225, 4, '-', 5, 7),
(226, 4, '-', 6, 7),
(227, 4, '-', 7, 7),
(228, 4, '-', 8, 7),
(229, 4, '-', 9, 7),
(230, 4, '-', 10, 7),
(231, 4, '-', 11, 7),
(232, 4, '-', 12, 7),
(233, 4, '-', 13, 7),
(234, 4, '-', 14, 7),
(235, 4, '/', 15, 7),
(236, 4, '|', 17, 7),
(237, 4, '|', 19, 7),
(238, 4, '|', 0, 8),
(239, 4, 'P', 10, 8),
(240, 4, '|', 17, 8),
(241, 4, '|', 19, 8),
(242, 4, '/', 0, 9),
(243, 4, '-', 1, 9),
(244, 4, '-', 2, 9),
(245, 4, '-', 3, 9),
(246, 4, '-', 4, 9),
(247, 4, '-', 5, 9),
(248, 4, '-', 6, 9),
(249, 4, '-', 7, 9),
(250, 4, '-', 8, 9),
(251, 4, '-', 9, 9),
(252, 4, '-', 10, 9),
(253, 4, '-', 11, 9),
(254, 4, '-', 12, 9),
(255, 4, '-', 13, 9),
(256, 4, '-', 14, 9),
(257, 4, '-', 15, 9),
(258, 4, '-', 16, 9),
(259, 4, '/', 17, 9),
(260, 4, '|', 19, 9),
(261, 4, 'O', 0, 10),
(262, 4, 'P', 10, 10),
(263, 4, '|', 19, 10),
(264, 4, '/', 0, 11),
(265, 4, '-', 1, 11),
(266, 4, '-', 2, 11),
(267, 4, '-', 3, 11),
(268, 4, '-', 4, 11),
(269, 4, '-', 5, 11),
(270, 4, '-', 6, 11),
(271, 4, '-', 7, 11),
(272, 4, '-', 8, 11),
(273, 4, '-', 9, 11),
(274, 4, '-', 10, 11),
(275, 4, '-', 11, 11),
(276, 4, '-', 12, 11),
(277, 4, '-', 13, 11),
(278, 4, '-', 14, 11),
(279, 4, '-', 15, 11),
(280, 4, '-', 16, 11),
(281, 4, '-', 17, 11),
(282, 4, '-', 18, 11),
(283, 4, '/', 19, 11),
(284, 5, '/', 0, 0),
(285, 5, '-', 1, 0),
(286, 5, '-', 2, 0),
(287, 5, '-', 3, 0),
(288, 5, '-', 4, 0),
(289, 5, '-', 5, 0),
(290, 5, '/', 6, 0),
(291, 5, '-', 7, 0),
(292, 5, '-', 8, 0),
(293, 5, '-', 9, 0),
(294, 5, '-', 10, 0),
(295, 5, '-', 11, 0),
(296, 5, '-', 12, 0),
(297, 5, '-', 13, 0),
(298, 5, '-', 14, 0),
(299, 5, '-', 15, 0),
(300, 5, '-', 16, 0),
(301, 5, '-', 17, 0),
(302, 5, '-', 18, 0),
(303, 5, '/', 19, 0),
(304, 5, '|', 0, 1),
(305, 5, '3', 1, 1),
(306, 5, '|', 6, 1),
(307, 5, '1', 11, 1),
(308, 5, 'C', 19, 1),
(309, 5, '|', 0, 2),
(310, 5, '/', 9, 2),
(311, 5, '-', 10, 2),
(312, 5, '-', 11, 2),
(313, 5, '-', 12, 2),
(314, 5, '/', 13, 2),
(315, 5, '/', 15, 2),
(316, 5, '-', 16, 2),
(317, 5, '-', 17, 2),
(318, 5, '-', 18, 2),
(319, 5, '|', 19, 2),
(320, 5, '|', 0, 3),
(321, 5, '/', 2, 3),
(322, 5, '-', 3, 3),
(323, 5, '-', 4, 3),
(324, 5, '-', 5, 3),
(325, 5, '-', 6, 3),
(326, 5, '-', 7, 3),
(327, 5, '-', 8, 3),
(328, 5, '/', 9, 3),
(329, 5, '|', 19, 3),
(330, 5, '|', 0, 4),
(331, 5, '|', 2, 4),
(332, 5, '3', 3, 4),
(333, 5, '|', 19, 4),
(334, 5, '|', 0, 5),
(335, 5, '|', 2, 5),
(336, 5, '4', 10, 5),
(337, 5, '|', 19, 5),
(338, 5, '|', 0, 6),
(339, 5, 'B', 1, 6),
(340, 5, '|', 2, 6),
(341, 5, '1', 3, 6),
(342, 5, '|', 19, 6),
(343, 5, '|', 0, 7),
(344, 5, '-', 1, 7),
(345, 5, '/', 2, 7),
(346, 5, '|', 19, 7),
(347, 5, '|', 0, 8),
(348, 5, '4', 8, 8),
(349, 5, '|', 19, 8),
(350, 5, '|', 0, 9),
(351, 5, '|', 19, 9),
(352, 5, '|', 0, 10),
(353, 5, 'L', 2, 10),
(354, 5, 'B', 18, 10),
(355, 5, '|', 19, 10),
(356, 5, '/', 0, 11),
(357, 5, '-', 1, 11),
(358, 5, 'O', 2, 11),
(359, 5, '-', 3, 11),
(360, 5, '-', 4, 11),
(361, 5, '-', 5, 11),
(362, 5, '-', 6, 11),
(363, 5, '-', 7, 11),
(364, 5, '-', 8, 11),
(365, 5, '-', 9, 11),
(366, 5, '-', 10, 11),
(367, 5, '-', 11, 11),
(368, 5, '-', 12, 11),
(369, 5, '-', 13, 11),
(370, 5, '-', 14, 11),
(371, 5, '-', 15, 11),
(372, 5, '-', 16, 11),
(373, 5, '-', 17, 11),
(374, 5, '-', 18, 11),
(375, 5, '/', 19, 11),
(376, 6, '/', 0, 0),
(377, 6, '-', 1, 0),
(378, 6, '-', 2, 0),
(379, 6, '-', 3, 0),
(380, 6, '-', 4, 0),
(381, 6, '-', 5, 0),
(382, 6, '-', 6, 0),
(383, 6, '-', 7, 0),
(384, 6, '-', 8, 0),
(385, 6, '-', 9, 0),
(386, 6, '-', 10, 0),
(387, 6, '-', 11, 0),
(388, 6, '-', 12, 0),
(389, 6, '-', 13, 0),
(390, 6, '-', 14, 0),
(391, 6, '-', 15, 0),
(392, 6, '-', 16, 0),
(393, 6, '-', 17, 0),
(394, 6, '-', 18, 0),
(395, 6, '/', 19, 0),
(396, 6, 'O', 0, 1),
(397, 6, 'L', 1, 1),
(398, 6, 'P', 12, 1),
(399, 6, '|', 19, 1),
(400, 6, '/', 0, 2),
(401, 6, '-', 1, 2),
(402, 6, '-', 2, 2),
(403, 6, '-', 3, 2),
(404, 6, '-', 4, 2),
(405, 6, '-', 5, 2),
(406, 6, '-', 6, 2),
(407, 6, '-', 7, 2),
(408, 6, '-', 8, 2),
(409, 6, '-', 9, 2),
(410, 6, '-', 10, 2),
(411, 6, '-', 11, 2),
(412, 6, '-', 12, 2),
(413, 6, '-', 13, 2),
(414, 6, '-', 14, 2),
(415, 6, '-', 15, 2),
(416, 6, '-', 16, 2),
(417, 6, '/', 17, 2),
(418, 6, '|', 19, 2),
(419, 6, '|', 0, 3),
(420, 6, '|', 19, 3),
(421, 6, '|', 0, 4),
(422, 6, '/', 2, 4),
(423, 6, '-', 3, 4),
(424, 6, '-', 4, 4),
(425, 6, '-', 5, 4),
(426, 6, '-', 6, 4),
(427, 6, '/', 7, 4),
(428, 6, '-', 8, 4),
(429, 6, '/', 9, 4),
(430, 6, '/', 11, 4),
(431, 6, '-', 12, 4),
(432, 6, '/', 13, 4),
(433, 6, '-', 14, 4),
(434, 6, '-', 15, 4),
(435, 6, '-', 16, 4),
(436, 6, '-', 17, 4),
(437, 6, '-', 18, 4),
(438, 6, '/', 19, 4),
(439, 6, '|', 0, 5),
(440, 6, '4', 3, 5),
(441, 6, '|', 7, 5),
(442, 6, '3', 8, 5),
(443, 6, '|', 13, 5),
(444, 6, 'B', 18, 5),
(445, 6, '|', 19, 5),
(446, 6, '|', 0, 6),
(447, 6, '|', 7, 6),
(448, 6, 'B', 10, 6),
(449, 6, '|', 13, 6),
(450, 6, '2', 16, 6),
(451, 6, '|', 19, 6),
(452, 6, '/', 0, 7),
(453, 6, '-', 1, 7),
(454, 6, '-', 2, 7),
(455, 6, '-', 3, 7),
(456, 6, '-', 4, 7),
(457, 6, '/', 5, 7),
(458, 6, '|', 7, 7),
(459, 6, '3', 12, 7),
(460, 6, '|', 13, 7),
(461, 6, 'P', 18, 7),
(462, 6, '|', 19, 7),
(463, 6, '|', 0, 8),
(464, 6, '1', 1, 8),
(465, 6, '/', 7, 8),
(466, 6, '-', 8, 8),
(467, 6, '-', 9, 8),
(468, 6, '-', 10, 8),
(469, 6, '-', 11, 8),
(470, 6, '-', 12, 8),
(471, 6, '/', 13, 8),
(472, 6, '/', 15, 8),
(473, 6, '-', 16, 8),
(474, 6, '-', 17, 8),
(475, 6, '-', 18, 8),
(476, 6, '/', 19, 8),
(477, 6, '/', 0, 9),
(478, 6, '-', 1, 9),
(479, 6, '-', 2, 9),
(480, 6, '-', 3, 9),
(481, 6, '-', 4, 9),
(482, 6, '-', 5, 9),
(483, 6, 'P', 6, 9),
(484, 6, '|', 7, 9),
(485, 6, '1', 8, 9),
(486, 6, '|', 19, 9),
(487, 6, '|', 0, 10),
(488, 6, '|', 10, 10),
(489, 6, '|', 14, 10),
(490, 6, '1', 15, 10),
(491, 6, '|', 19, 10),
(492, 6, '/', 0, 11),
(493, 6, '-', 1, 11),
(494, 6, '-', 2, 11),
(495, 6, '-', 3, 11),
(496, 6, '-', 4, 11),
(497, 6, '-', 5, 11),
(498, 6, '-', 6, 11),
(499, 6, '-', 7, 11),
(500, 6, '-', 8, 11),
(501, 6, '-', 9, 11),
(502, 6, '/', 10, 11),
(503, 6, '-', 11, 11),
(504, 6, '-', 12, 11),
(505, 6, '-', 13, 11),
(506, 6, '/', 14, 11),
(507, 6, '-', 15, 11),
(508, 6, '-', 16, 11),
(509, 6, 'C', 17, 11),
(510, 6, '-', 18, 11),
(511, 6, '/', 19, 11),
(512, 7, '/', 0, 0),
(513, 7, '-', 1, 0),
(514, 7, '-', 2, 0),
(515, 7, '-', 3, 0),
(516, 7, '-', 4, 0),
(517, 7, '-', 5, 0),
(518, 7, '-', 6, 0),
(519, 7, '-', 7, 0),
(520, 7, '-', 8, 0),
(521, 7, '-', 9, 0),
(522, 7, 'O', 10, 0),
(523, 7, '-', 11, 0),
(524, 7, '-', 12, 0),
(525, 7, '-', 13, 0),
(526, 7, '-', 14, 0),
(527, 7, '-', 15, 0),
(528, 7, '-', 16, 0),
(529, 7, '-', 17, 0),
(530, 7, '-', 18, 0),
(531, 7, '/', 19, 0),
(532, 7, '|', 0, 1),
(533, 7, 'L', 10, 1),
(534, 7, '3', 18, 1),
(535, 7, '|', 19, 1),
(536, 7, '|', 0, 2),
(537, 7, '/', 2, 2),
(538, 7, '-', 3, 2),
(539, 7, '-', 4, 2),
(540, 7, '-', 5, 2),
(541, 7, '-', 6, 2),
(542, 7, '-', 7, 2),
(543, 7, '-', 8, 2),
(544, 7, '-', 9, 2),
(545, 7, '-', 10, 2),
(546, 7, '-', 11, 2),
(547, 7, '-', 12, 2),
(548, 7, '-', 13, 2),
(549, 7, '-', 14, 2),
(550, 7, '-', 15, 2),
(551, 7, '-', 16, 2),
(552, 7, '/', 17, 2),
(553, 7, '|', 19, 2),
(554, 7, '|', 0, 3),
(555, 7, '|', 2, 3),
(556, 7, '3', 3, 3),
(557, 7, '|', 17, 3),
(558, 7, '|', 19, 3),
(559, 7, '|', 0, 4),
(560, 7, '/', 2, 4),
(561, 7, '/', 4, 4),
(562, 7, '-', 5, 4),
(563, 7, '-', 6, 4),
(564, 7, '-', 7, 4),
(565, 7, '-', 8, 4),
(566, 7, '-', 9, 4),
(567, 7, '-', 10, 4),
(568, 7, '-', 11, 4),
(569, 7, '-', 12, 4),
(570, 7, '-', 13, 4),
(571, 7, '-', 14, 4),
(572, 7, '/', 15, 4),
(573, 7, '|', 17, 4),
(574, 7, '|', 19, 4),
(575, 7, '|', 0, 5),
(576, 7, 'B', 2, 5),
(577, 7, '|', 4, 5),
(578, 7, 'C', 14, 5),
(579, 7, '|', 15, 5),
(580, 7, '|', 17, 5),
(581, 7, '|', 19, 5),
(582, 7, '|', 0, 6),
(583, 7, '/', 2, 6),
(584, 7, '/', 4, 6),
(585, 7, 'B', 5, 6),
(586, 7, '/', 6, 6),
(587, 7, '-', 7, 6),
(588, 7, '-', 8, 6),
(589, 7, '-', 9, 6),
(590, 7, '-', 10, 6),
(591, 7, '-', 11, 6),
(592, 7, '-', 12, 6),
(593, 7, '-', 13, 6),
(594, 7, '-', 14, 6),
(595, 7, '/', 15, 6),
(596, 7, '|', 17, 6),
(597, 7, '|', 19, 6),
(598, 7, '|', 0, 7),
(599, 7, '|', 2, 7),
(600, 7, '3', 16, 7),
(601, 7, '|', 17, 7),
(602, 7, '|', 19, 7),
(603, 7, '|', 0, 8),
(604, 7, '/', 2, 8),
(605, 7, '-', 3, 8),
(606, 7, '-', 4, 8),
(607, 7, '-', 5, 8),
(608, 7, '-', 6, 8),
(609, 7, '-', 7, 8),
(610, 7, '-', 8, 8),
(611, 7, '-', 9, 8),
(612, 7, '-', 10, 8),
(613, 7, '-', 11, 8),
(614, 7, '-', 12, 8),
(615, 7, '-', 13, 8),
(616, 7, '-', 14, 8),
(617, 7, '-', 15, 8),
(618, 7, '-', 16, 8),
(619, 7, '/', 17, 8),
(620, 7, '|', 19, 8),
(621, 7, '|', 0, 9),
(622, 7, '3', 1, 9),
(623, 7, '|', 19, 9),
(624, 7, '|', 0, 10),
(625, 7, 'B', 4, 10),
(626, 7, '1', 8, 10),
(627, 7, '/', 18, 10),
(628, 7, '|', 19, 10),
(629, 7, '/', 0, 11),
(630, 7, '-', 1, 11),
(631, 7, '-', 2, 11),
(632, 7, '-', 3, 11),
(633, 7, '-', 4, 11),
(634, 7, '-', 5, 11),
(635, 7, '-', 6, 11),
(636, 7, '-', 7, 11),
(637, 7, '-', 8, 11),
(638, 7, '-', 9, 11),
(639, 7, '-', 10, 11),
(640, 7, '-', 11, 11),
(641, 7, '-', 12, 11),
(642, 7, '-', 13, 11),
(643, 7, '-', 14, 11),
(644, 7, '-', 15, 11),
(645, 7, '-', 16, 11),
(646, 7, '-', 17, 11),
(647, 7, '-', 18, 11),
(648, 7, '/', 19, 11),
(649, 8, '/', 0, 0),
(650, 8, '-', 1, 0),
(651, 8, '-', 2, 0),
(652, 8, '-', 3, 0),
(653, 8, '-', 4, 0),
(654, 8, '-', 5, 0),
(655, 8, '-', 6, 0),
(656, 8, '-', 7, 0),
(657, 8, '-', 8, 0),
(658, 8, '-', 9, 0),
(659, 8, 'O', 10, 0),
(660, 8, '-', 11, 0),
(661, 8, '-', 12, 0),
(662, 8, '-', 13, 0),
(663, 8, '-', 14, 0),
(664, 8, '-', 15, 0),
(665, 8, '-', 16, 0),
(666, 8, '-', 17, 0),
(667, 8, '-', 18, 0),
(668, 8, '/', 19, 0),
(669, 8, '|', 0, 1),
(670, 8, 'L', 10, 1),
(671, 8, '|', 19, 1),
(672, 8, '|', 0, 2),
(673, 8, '|', 19, 2),
(674, 8, '|', 0, 3),
(675, 8, '|', 19, 3),
(676, 8, '|', 0, 4),
(677, 8, '/', 1, 4),
(678, 8, '/', 2, 4),
(679, 8, '/', 3, 4),
(680, 8, '/', 6, 4),
(681, 8, '/', 11, 4),
(682, 8, '/', 14, 4),
(683, 8, '/', 15, 4),
(684, 8, '/', 16, 4),
(685, 8, '|', 19, 4),
(686, 8, '|', 0, 5),
(687, 8, '/', 1, 5),
(688, 8, '/', 6, 5),
(689, 8, '/', 8, 5),
(690, 8, '/', 11, 5),
(691, 8, '/', 14, 5),
(692, 8, '/', 17, 5),
(693, 8, '|', 19, 5),
(694, 8, '|', 0, 6),
(695, 8, '/', 1, 6),
(696, 8, '/', 2, 6),
(697, 8, '/', 6, 6),
(698, 8, '/', 9, 6),
(699, 8, '/', 11, 6),
(700, 8, '/', 14, 6),
(701, 8, '/', 18, 6),
(702, 8, '|', 19, 6),
(703, 8, '|', 0, 7),
(704, 8, '/', 1, 7),
(705, 8, '/', 6, 7),
(706, 8, '/', 9, 7),
(707, 8, '/', 11, 7),
(708, 8, '/', 14, 7),
(709, 8, '/', 17, 7),
(710, 8, '|', 19, 7),
(711, 8, '|', 0, 8),
(712, 8, '/', 1, 8),
(713, 8, '/', 2, 8),
(714, 8, '/', 3, 8),
(715, 8, '/', 6, 8),
(716, 8, '/', 11, 8),
(717, 8, '/', 14, 8),
(718, 8, '/', 15, 8),
(719, 8, '/', 16, 8),
(720, 8, '|', 19, 8),
(721, 8, '|', 0, 9),
(722, 8, '|', 19, 9),
(723, 8, '|', 0, 10),
(724, 8, '|', 19, 10),
(725, 8, '/', 0, 11),
(726, 8, '-', 1, 11),
(727, 8, '-', 2, 11),
(728, 8, '-', 3, 11),
(729, 8, '-', 4, 11),
(730, 8, '-', 5, 11),
(731, 8, '-', 6, 11),
(732, 8, '-', 7, 11),
(733, 8, '-', 8, 11),
(734, 8, '-', 9, 11),
(735, 8, '-', 10, 11),
(736, 8, '-', 11, 11),
(737, 8, '-', 12, 11),
(738, 8, '-', 13, 11),
(739, 8, '-', 14, 11),
(740, 8, '-', 15, 11),
(741, 8, '-', 16, 11),
(742, 8, '-', 17, 11),
(743, 8, '-', 18, 11),
(744, 8, '/', 19, 11),
(745, 4, 'L', 1, 10);

-- --------------------------------------------------------

--
-- Structure de la table `element`
--

CREATE TABLE `element` (
  `identifier` char(5) NOT NULL,
  `description` varchar(256) DEFAULT NULL
) ENGINE=InnoDB DEFAULT CHARSET=latin1;

--
-- Contenu de la table `element`
--

INSERT INTO `element` (`identifier`, `description`) VALUES
('-', 'Horizontal Bone'),
('/', 'Bone'),
('1', 'Monster1 : Horizontal move'),
('2', 'Monster2 : Vertical move'),
('3', 'Monster3 : Turn right only'),
('4', 'Monster4 : Random move'),
('B', 'Crystal Ball : Use to open a door '),
('C', 'Closed Door'),
('L', 'Lorann'),
('O', 'Opened Door'),
('P', 'Purse : Give a reward'),
('|', 'Vertical Bone');

-- --------------------------------------------------------

--
-- Structure de la table `level`
--

CREATE TABLE `level` (
  `number` int(11) NOT NULL,
  `name` varchar(50) NOT NULL,
  `height` int(255) DEFAULT NULL,
  `width` int(255) DEFAULT NULL
) ENGINE=InnoDB DEFAULT CHARSET=latin1;

--
-- Contenu de la table `level`
--

INSERT INTO `level` (`number`, `name`, `height`, `width`) VALUES
(1, 'Map correspond to the JUnit test', 12, 20),
(2, 'Level2', 12, 20),
(3, 'Level3', 12, 20),
(4, 'Level4', 12, 20),
(5, 'Level5', 12, 20),
(6, 'Level6', 12, 20),
(7, 'Level7', 12, 20),
(8, 'EndMap : The final map ', 12, 20);

--
-- Index pour les tables exportées
--

--
-- Index pour la table `contenir`
--
ALTER TABLE `contenir`
  ADD PRIMARY KEY (`id`),
  ADD KEY `Level` (`levelnumber`),
  ADD KEY `Identifier` (`identifier`);

--
-- Index pour la table `element`
--
ALTER TABLE `element`
  ADD PRIMARY KEY (`identifier`);

--
-- Index pour la table `level`
--
ALTER TABLE `level`
  ADD PRIMARY KEY (`number`);

--
-- AUTO_INCREMENT pour les tables exportées
--

--
-- AUTO_INCREMENT pour la table `contenir`
--
ALTER TABLE `contenir`
  MODIFY `id` int(11) NOT NULL AUTO_INCREMENT, AUTO_INCREMENT=746;
--
-- AUTO_INCREMENT pour la table `level`
--
ALTER TABLE `level`
  MODIFY `number` int(11) NOT NULL AUTO_INCREMENT, AUTO_INCREMENT=10;
--
-- Contraintes pour les tables exportées
--

--
-- Contraintes pour la table `contenir`
--
ALTER TABLE `contenir`
  ADD CONSTRAINT `identifierfk` FOREIGN KEY (`identifier`) REFERENCES `element` (`identifier`),
  ADD CONSTRAINT `levelfk` FOREIGN KEY (`levelnumber`) REFERENCES `level` (`number`);

/*!40101 SET CHARACTER_SET_CLIENT=@OLD_CHARACTER_SET_CLIENT */;
/*!40101 SET CHARACTER_SET_RESULTS=@OLD_CHARACTER_SET_RESULTS */;
/*!40101 SET COLLATION_CONNECTION=@OLD_COLLATION_CONNECTION */;
